Block Name,Count
WALLAA06.RMB,1433
WALLAA04.RMB,1433
WALLAA07.RMB,1423
WALLAA05.RMB,1423
SHCKAA00.RMB,1158
TEMPAAH0.RMB,641
GENRAS01.RMB,576
GENRAS00.RMB,572
GENRAS02.RMB,560
GENRAM00.RMB,521
GENRAM02.RMB,500
GENRAM01.RMB,500
SHRIAA00.RMB,475
TEMPAAC0.RMB,445
MANRAS00.RMB,418
WALLAA02.RMB,410
WALLAA10.RMB,410
WALLAA03.RMB,410
WALLAA09.RMB,410
WALLAA11.RMB,410
WALLAA00.RMB,410
WALLAA08.RMB,410
WALLAA01.RMB,410
TEMPAAA0.RMB,396
MANRAS01.RMB,389
MANRAS02.RMB,389
TEMPAAF0.RMB,357
THIEAL00.RMB,338
THIEAM00.RMB,336
TEMPAAG0.RMB,320
TEMPAAB0.RMB,297
TVRNAS04.RMB,250
RESIAS02.RMB,243
DARKAA01.RMB,236
TEMPAAD0.RMB,235
RESIAS07.RMB,233
RESIAS01.RMB,232
RESIAS09.RMB,230
RESIAS03.RMB,229
TVRNAS05.RMB,225
RESIAM06.RMB,225
TVRNAS01.RMB,222
RESIAM10.RMB,219
RESIAM08.RMB,218
DARKAA00.RMB,218
FIGHAA01.RMB,217
RESIAS08.RMB,217
RESIAS00.RMB,215
TVRNAS00.RMB,214
TVRNAS02.RMB,214
TVRNAS09.RMB,213
RESIAS04.RMB,212
DARKAA02.RMB,209
RESIAS05.RMB,208
FIGHAA02.RMB,207
RESIAM07.RMB,207
RESIAM00.RMB,206
TVRNAS06.RMB,206
RESIAM02.RMB,205
TVRNAS08.RMB,203
FARMAA09.RMB,203
RESIAS06.RMB,203
GENRAL01.RMB,201
PAWNAM01.RMB,199
RESIAM01.RMB,199
FARMAA00.RMB,197
FARMAA06.RMB,196
TEMPAAE0.RMB,196
TVRNAS07.RMB,194
PAWNAM00.RMB,192
RESIAM05.RMB,192
RESIAM04.RMB,191
TVRNAS03.RMB,190
GENRAL03.RMB,190
FARMAA03.RMB,189
FARMAA02.RMB,188
FARMAA08.RMB,188
RESIAM09.RMB,184
FIGHAA00.RMB,184
GENRAL00.RMB,184
GENRAL02.RMB,183
FARMAA07.RMB,182
FARMAA04.RMB,181
PAWNAM02.RMB,179
RESIAM03.RMB,171
FARMAA01.RMB,162
ARMRAL01.RMB,159
ARMRAL02.RMB,157
FARMAA05.RMB,155
ARMRAL00.RMB,150
MANRGS00.RMB,145
MARKAA01.RMB,135
GEMSAL01.RMB,134
GEMSAL03.RMB,133
PAWNAL02.RMB,132
MARKAA00.RMB,129
GEMSAL00.RMB,128
TVRNAM09.RMB,124
TVRNAM07.RMB,123
PAWNAL03.RMB,121
PAWNAL00.RMB,118
TVRNAM03.RMB,113
TVRNAM02.RMB,112
PAWNAL01.RMB,111
TVRNAM08.RMB,111
GEMSAL02.RMB,107
PALAAA00.RMB,105
TVRNAM00.RMB,105
TVRNAM04.RMB,102
ARMRAM00.RMB,98
BANKAL02.RMB,97
LIBRAL03.RMB,96
TVRNAM06.RMB,95
BOOKAL00.RMB,95
DUNGAA17.RMB,94
TVRNAM01.RMB,94
BOOKAL02.RMB,94
DUNGAA02.RMB,93
TVRNAM05.RMB,93
DUNGAA15.RMB,88
DUNGAA04.RMB,88
DUNGAA10.RMB,88
RESIAL04.RMB,88
BANKAL01.RMB,87
RESIAL08.RMB,87
ARMRAM01.RMB,87
BANKAL03.RMB,87
PALAAA02.RMB,87
BOOKAL01.RMB,86
DUNGAA03.RMB,86
DUNGAA09.RMB,86
ARMRAM02.RMB,85
DUNGAA05.RMB,84
DUNGAA18.RMB,83
ARMRAM03.RMB,83
PALAAA01.RMB,83
RESIAL10.RMB,83
RESIAL03.RMB,82
RESIAL07.RMB,81
LIBRAL01.RMB,80
CLOTAS01.RMB,80
RESIAL06.RMB,80
BANKAL00.RMB,79
DUNGAA12.RMB,78
DUNGAA16.RMB,78
LIBRAL00.RMB,77
DUNGAA14.RMB,77
GEMSAM01.RMB,77
RESIAL09.RMB,76
DUNGAA11.RMB,76
RESIAL01.RMB,75
ALCHAM01.RMB,74
CLOTAS02.RMB,74
RESIAL00.RMB,73
RESIAL02.RMB,71
RESIAL05.RMB,71
CLOTAS00.RMB,70
DUNGAA01.RMB,68
GEMSAM03.RMB,68
DUNGAA00.RMB,67
DUNGAA13.RMB,67
ALCHAL01.RMB,67
GEMSAM02.RMB,66
DUNGAA08.RMB,66
DUNGAA06.RMB,65
ALCHAM00.RMB,64
ALCHAL03.RMB,63
GEMSAM00.RMB,63
GENRGS00.RMB,62
GEMSGL00.RMB,61
GENRGS02.RMB,61
DUNGAA07.RMB,60
TVRNGS01.RMB,60
GENRGS01.RMB,60
MANRBS00.RMB,58
TVRNGS03.RMB,57
PAWNGL00.RMB,56
RUINAA03.RMB,55
LIBRAL02.RMB,55
ALCHAL00.RMB,54
MAGEAA07.RMB,54
ALCHAL02.RMB,54
RESIGS02.RMB,54
BOOKAM00.RMB,53
BOOKAM03.RMB,52
GENRGM00.RMB,52
ALCHAM02.RMB,51
TVRNGS02.RMB,51
RUINAA23.RMB,50
RUINAA11.RMB,49
RUINAA01.RMB,49
RESIGM01.RMB,49
MAGEAA11.RMB,48
RESIGS04.RMB,48
MAGEAA09.RMB,47
MAGEAA10.RMB,46
TVRNGS04.RMB,46
MAGEAA03.RMB,46
RUINAA19.RMB,45
RESIGS01.RMB,45
RUINAA10.RMB,45
RUINAA08.RMB,45
TVRNGS00.RMB,44
BOOKAM01.RMB,44
MAGEAA01.RMB,43
WEAPAS02.RMB,43
TVRNAL03.RMB,43
BOOKAM02.RMB,42
MAGEAA13.RMB,42
RUINAA05.RMB,42
RUINAA14.RMB,41
RESIGM00.RMB,41
RUINAA28.RMB,41
MAGEAA04.RMB,41
RESIGS03.RMB,41
MAGEAA14.RMB,41
WEAPAS01.RMB,41
RESIGM03.RMB,40
MAGEAA06.RMB,39
TVRNAL05.RMB,39
RESIGM02.RMB,39
RUINAA26.RMB,39
RUINAA07.RMB,39
FILLAA05.RMB,39
TVRNAL06.RMB,38
RESIGS00.RMB,38
RUINAA16.RMB,38
MAGEAA00.RMB,38
GENRGM01.RMB,37
RUINAA24.RMB,37
MAGEAA05.RMB,37
FILLAA06.RMB,37
MAGEAA08.RMB,36
TVRNAL02.RMB,36
RUINAA18.RMB,36
GENRGM02.RMB,36
RUINAA17.RMB,36
RUINAA00.RMB,36
MAGEAA12.RMB,36
RUINAA02.RMB,35
RUINAA15.RMB,35
RUINAA21.RMB,35
TVRNAL04.RMB,35
RUINAA06.RMB,34
RUINAA27.RMB,34
RUINAA12.RMB,34
PAWNGM00.RMB,33
RESIGM04.RMB,33
RUINAA04.RMB,32
FILLAA11.RMB,32
BANKAM00.RMB,32
FILLAA04.RMB,32
CASTAA27.RMB,32
RUINAA09.RMB,32
WEAPAS00.RMB,32
RUINAA22.RMB,32
BANKAM02.RMB,32
CASTAA09.RMB,31
FILLAA08.RMB,31
TVRNAL07.RMB,31
FILLAA00.RMB,31
CASTAA08.RMB,31
RUINAA20.RMB,31
BANKAM01.RMB,31
FILLAA14.RMB,30
CASTAA03.RMB,30
FILLAA15.RMB,30
FIGHGL00.RMB,30
TEMPGAB0.RMB,30
TVRNAL10.RMB,30
CASTAA19.RMB,29
FILLAA10.RMB,29
CASTAA06.RMB,29
MAGEAA02.RMB,29
TVRNAL01.RMB,28
RUINAA13.RMB,28
PAWNBL00.RMB,28
CASTAA14.RMB,28
TVRNAL09.RMB,28
ARMRGL01.RMB,28
CASTAA16.RMB,28
RUINAA25.RMB,27
GENRBS00.RMB,27
CASTAA11.RMB,27
GRVEAS04.RMB,27
GRVEAS41.RMB,27
FILLAA02.RMB,27
CASTAA15.RMB,27
GENRBS01.RMB,27
FILLAA03.RMB,27
CASTAA23.RMB,27
FILLAA12.RMB,27
CASTAA01.RMB,26
GEMSBL00.RMB,26
GENRGL00.RMB,26
CASTAA26.RMB,26
GRVEAS20.RMB,26
GRVEAS25.RMB,26
GRVEAS22.RMB,26
CASTAA28.RMB,25
CASTAA32.RMB,25
FILLAA07.RMB,25
CASTAA18.RMB,25
CASTAA34.RMB,25
TVRNGM00.RMB,24
GRVEAS21.RMB,24
CASTAA33.RMB,24
CASTAA05.RMB,24
TVRNAL00.RMB,24
CASTAA25.RMB,24
CASTAA07.RMB,24
GRVEAS37.RMB,24
GRVEAS31.RMB,24
RESIBS04.RMB,23
GEMSGM00.RMB,23
TVRNBS02.RMB,23
GRVEAS26.RMB,22
CASTAA21.RMB,22
TVRNBS03.RMB,22
FILLAA13.RMB,22
FIGHBL00.RMB,22
ARMRBL00.RMB,22
GRVEAS07.RMB,22
GRVEAS32.RMB,22
GENRGL02.RMB,22
CASTAA02.RMB,22
FIGHGM00.RMB,22
GENRBS02.RMB,22
GRVEAS23.RMB,22
CASTAA22.RMB,22
GRVEAS12.RMB,21
CASTAA04.RMB,21
CASTAA17.RMB,21
TVRNBS04.RMB,21
CASTAA00.RMB,21
CASTAA30.RMB,21
TVRNAL08.RMB,21
TVRNGM01.RMB,21
GRVEAS24.RMB,20
FILLAA09.RMB,20
ARMRGL00.RMB,20
ARMRGM01.RMB,20
GRVEAS42.RMB,20
RESIBM03.RMB,20
CASTAA29.RMB,20
TVRNBS00.RMB,19
CASTAA20.RMB,19
TVRNGM04.RMB,19
GRVEAS17.RMB,19
CASTAA24.RMB,18
GENRBL01.RMB,18
GRVEAS05.RMB,18
TVRNGM03.RMB,18
GRVEAS16.RMB,18
GENRGL01.RMB,18
GRVEAS09.RMB,18
TVRNBS01.RMB,18
CASTAA12.RMB,18
CASTAA10.RMB,18
CLOTGS01.RMB,18
RESIBS01.RMB,17
GRVEAS08.RMB,17
ARMRBL01.RMB,17
CASTAA13.RMB,17
RESIGL00.RMB,17
GRVEAS03.RMB,17
GENRBM00.RMB,17
TVRNGM02.RMB,17
GRVEAS13.RMB,17
GRVEAS30.RMB,17
GRVEAS39.RMB,17
FILLAA01.RMB,17
GRVEAS28.RMB,17
LIBRBL00.RMB,16
MAGEGA04.RMB,16
GRVEAS18.RMB,16
CASTAA31.RMB,16
RESIGL05.RMB,16
RESIBS00.RMB,16
GRVEAS11.RMB,16
GRVEAS15.RMB,15
RESIBL01.RMB,15
GENRBL00.RMB,15
GRVEAS29.RMB,15
RESIBS03.RMB,15
GRVEAS06.RMB,15
GRVEAS10.RMB,15
RESIBL02.RMB,15
GRVEAS14.RMB,15
KDRAAL00.RMB,15
GRVEAS35.RMB,15
GRVEAM06.RMB,14
RESIGL01.RMB,14
GRVEAS02.RMB,14
GRVEAS38.RMB,14
RESIBS02.RMB,14
RESIBL03.RMB,14
MAGEGA03.RMB,14
GRVEAS00.RMB,13
GRVEAS36.RMB,13
GRVEAL15.RMB,13
ALCHBL00.RMB,13
RESIBL04.RMB,13
GRVEAL18.RMB,13
GRVEAL09.RMB,13
GRVEAS33.RMB,13
PAWNBM00.RMB,13
GRVEAS34.RMB,13
KROSAL00.RMB,13
KDRAAL01.RMB,13
GRVEAS01.RMB,13
GRVEAS27.RMB,12
GRVEAL36.RMB,12
RESIBL00.RMB,12
BANKBL01.RMB,12
ALCHGM00.RMB,12
RESIBM02.RMB,12
CLOTGS00.RMB,12
GRVEAL14.RMB,12
GRVEAL25.RMB,12
BOOKBL01.RMB,11
GRVEAL24.RMB,11
GRVEAM19.RMB,11
TVRNBM03.RMB,11
GEMSBM00.RMB,11
KSCAAL01.RMB,11
RESIBM04.RMB,11
MAGEGA00.RMB,11
KROSAL01.RMB,11
GRVEAL02.RMB,10
GRVEAM31.RMB,10
GRVEAM34.RMB,10
GRVEAM05.RMB,10
BANKBL00.RMB,10
GRVEAM17.RMB,10
GRVEAS40.RMB,10
RESIGL03.RMB,10
TVRNGL01.RMB,10
GRVEAM04.RMB,10
GENRBM02.RMB,10
KRAVAL00.RMB,10
GRVEAM22.RMB,10
GRVEAL27.RMB,10
GRVEAM18.RMB,9
GRVEAM24.RMB,9
ALCHBL01.RMB,9
GRVEAS19.RMB,9
KFLAAL00.RMB,9
TVRNGL02.RMB,9
GENRBM01.RMB,9
RESIGL02.RMB,9
RESIGL04.RMB,9
MAGEGA01.RMB,9
GRVEAM11.RMB,9
GRVEAM39.RMB,9
GRVEAM38.RMB,9
GRVEAL22.RMB,9
RESIBM01.RMB,9
GRVEAL04.RMB,9
GRVEAM33.RMB,9
GRVEAM30.RMB,9
GRVEAM21.RMB,9
GRVEAM23.RMB,8
GRVEAM09.RMB,8
GENRBL02.RMB,8
KSCAAL00.RMB,8
GRVEAL21.RMB,8
GRVEAM42.RMB,8
GRVEAL08.RMB,8
GRVEAM13.RMB,8
KCANGL00.RMB,8
ALCHGL01.RMB,8
GRVEAM32.RMB,8
BOOKBL00.RMB,8
ARMRGM00.RMB,8
WEAPGS01.RMB,8
GRVEAL00.RMB,8
GRVEAM29.RMB,8
KOWLAL01.RMB,8
GRVEAL33.RMB,8
GRVEAM07.RMB,8
GRVEAM14.RMB,7
MAGEBA01.RMB,7
GRVEAL29.RMB,7
GRVEAL11.RMB,7
PALAGA01.RMB,7
TVRNBM02.RMB,7
KFLAAL01.RMB,7
GRVEAM27.RMB,7
TVRNBL01.RMB,7
GRVEAL20.RMB,7
MAGEGA02.RMB,7
GRVEAM37.RMB,7
GRVEAL31.RMB,7
ARMRBM01.RMB,7
GRVEAM36.RMB,7
GRVEAL40.RMB,7
GRVEAL41.RMB,7
GRVEAM41.RMB,7
GRVEAL16.RMB,7
ALCHGL00.RMB,7
GRVEAM08.RMB,7
GRVEAL30.RMB,7
GRVEAL28.RMB,7
TVRNBL00.RMB,7
MAGEBA03.RMB,6
RESIBL05.RMB,6
GRVEAM40.RMB,6
ARMRBM00.RMB,6
FIGHBM00.RMB,6
GRVEAL26.RMB,6
MAGEBA04.RMB,6
RESIBM00.RMB,6
GRVEAL42.RMB,6
GRVEAM28.RMB,6
WEAPGS00.RMB,6
PALAGA03.RMB,6
GRVEAL03.RMB,6
ALCHGM01.RMB,6
PALABA01.RMB,6
PALABA00.RMB,5
GRVEAM20.RMB,5
GRVEAM16.RMB,5
GRVEAL19.RMB,5
GRVEAL17.RMB,5
GRVEAL35.RMB,5
KRAVAL01.RMB,5
GRVEAM03.RMB,5
GRVEAM15.RMB,5
TVRNGL00.RMB,5
TVRNGL03.RMB,5
KHORAL00.RMB,5
GRVEAL13.RMB,5
CLOTBS01.RMB,5
PALAGA02.RMB,5
GRVEAL37.RMB,5
TVRNBL02.RMB,4
PALABA02.RMB,4
GRVEAM10.RMB,4
GRVEAM25.RMB,4
GRVEAM35.RMB,4
GRVEAM00.RMB,4
WEAPBS00.RMB,4
PALAGA00.RMB,4
CLOTBS00.RMB,4
TVRNBM00.RMB,4
TVRNBM04.RMB,4
KWHEGL00.RMB,4
TVRNGL04.RMB,4
GRVEAM01.RMB,4
GRVEAL07.RMB,4
GRVEAM26.RMB,4
GRVEAL34.RMB,4
GRVEAL23.RMB,4
GRVEAL12.RMB,3
GRVEAL39.RMB,3
PALABA03.RMB,3
KHAWBL00.RMB,3
ALCHBM00.RMB,3
GRVEAM02.RMB,3
TVRNBL04.RMB,3
PALABA04.RMB,3
GRVEAL06.RMB,3
GRVEAL01.RMB,3
MAGEBA00.RMB,3
BOOKBM00.RMB,3
TVRNBM01.RMB,3
WEAPBS01.RMB,3
GRVEAL32.RMB,2
TVRNBL03.RMB,2
KCANBL00.RMB,2
BOOKBM01.RMB,2
KHORAL01.RMB,2
GRVEAL10.RMB,2
BANKBM00.RMB,2
MAGEBA02.RMB,2
KOWLAL00.RMB,2
WITCAA11.RMB,1
CUSTAA29.RMB,1
CUSTAA30.RMB,1
WITCAA00.RMB,1
WITCAA12.RMB,1
WITCAA03.RMB,1
CUSTAA07.RMB,1
WITCAA08.RMB,1
WITCAA02.RMB,1
SHIPAA00.RMB,1
ALCHBM01.RMB,1
WITCAA04.RMB,1
WITCAA07.RMB,1
CUSTGA00.RMB,1
CUSTGA01.RMB,1
CUSTGA02.RMB,1
CUSTGA03.RMB,1
CUSTGA04.RMB,1
CUSTGA05.RMB,1
CUSTGA06.RMB,1
CUSTGA07.RMB,1
CUSTGA08.RMB,1
CUSTGA09.RMB,1
CUSTGA10.RMB,1
CUSTGA11.RMB,1
CUSTGA12.RMB,1
CUSTGA13.RMB,1
CUSTGA14.RMB,1
CUSTGA15.RMB,1
CUSTGA16.RMB,1
CUSTGA17.RMB,1
CUSTGA18.RMB,1
CUSTGA19.RMB,1
CUSTGA20.RMB,1
CUSTGA21.RMB,1
CUSTGA22.RMB,1
CUSTGA23.RMB,1
CUSTGA24.RMB,1
CUSTGA25.RMB,1
CUSTGA26.RMB,1
CUSTGA27.RMB,1
CUSTGA28.RMB,1
CUSTGA29.RMB,1
CUSTGA30.RMB,1
CUSTGA31.RMB,1
CUSTGA32.RMB,1
CUSTGA33.RMB,1
CUSTGA34.RMB,1
CUSTGA35.RMB,1
WITCAA01.RMB,1
CUSTAA42.RMB,1
CUSTAA43.RMB,1
CUSTAA34.RMB,1
CUSTAA44.RMB,1
CUSTAA54.RMB,1
CUSTAA35.RMB,1
CUSTAA45.RMB,1
CUSTAA55.RMB,1
CUSTAA36.RMB,1
CUSTAA46.RMB,1
CUSTAA56.RMB,1
WITCAA06.RMB,1
CUSTAA10.RMB,1
CUSTAA09.RMB,1
BANKBM01.RMB,1
CUSTAA19.RMB,1
GRVEAM12.RMB,1
WITCAA09.RMB,1
WITCAA13.RMB,1
WITCAA10.RMB,1
CUSTAA00.RMB,1
CUSTAA01.RMB,1
CUSTAA02.RMB,1
CUSTAA03.RMB,1
CUSTAA04.RMB,1
CUSTAA05.RMB,1
CUSTAA08.RMB,1
CUSTAA06.RMB,1
SHIPAA01.RMB,1
WITCAA05.RMB,1
PALAGA04.RMB,1
